"","item_definition","Semantic","Phonetic","Word_length"
"1","I",0.598085062394478,0.996115618787182,0.00940299534033021
"2","TV",0.104079958052739,0,0.152718032672668
"3","a",3.31281086991333e-19,0.699263261233188,0.0094029953403302
"4","about",0.255474833551589,0,0.978202614282987
"5","above",0.14731743813253,0,0.978202614282987
"6","after",0.16393444982995,0,0.978202614282987
"7","airplane",0.390951779581952,0,0.0197928123170688
"8","all",0.410271889172381,0.640697885871194,0.618647771728982
"9","alligator",0.540919084924877,0,0.00136204734891339
"10","am",0.196586476651978,0.613264276179506,0.152718032672668
"11","an",0.0476039518488768,0.759690051174908,0.152718032672668
"12","and",3.31281086991333e-19,0.205852157080317,0.618647771728982
"13","animal",0.351137682917606,0,0.530654511965296
"14","ankle",0.219950056809724,0,0.978202614282987
"15","another",0.387036824694815,0,0.141266942567521
"16","ant",0.4909482983903,0.293412020439513,0.618647771728982
"17","any",0.264827863028411,0.028825714891813,0.618647771728983
"18","apple",0.642441590406808,0,0.978202614282987
"19","applesauce",0.665839229455668,0,4.44686327698999e-05
"20","are",0.150326479930216,0.859897204379389,0.618647771728983
"21","arm",0.300445733540217,0.127255607702073,0.618647771728982
"22","around",0.349438897612136,1.47501710028205e-05,0.530654511965297
"23","asleep",0.481884652358582,0.000510630703144073,0.530654511965297
"24","at",0.136708793860216,0.73754993891928,0.152718032672668
"25","aunt",0.509642775311198,0.298696498014664,0.999999999999999
"26","awake",0.399085295317897,0.00339017266997263,0.978202614282987
"27","away",0.469168738050719,6.43636460290661e-05,0.999999999999999
"28","baby",0.818925311047652,3.09126087424126e-19,1
"29","babysitter",0.599513583597739,0,4.44686327699083e-05
"30","back",0.582522427727821,0.328815616151079,0.999999999999999
"31","backyard",0.611764219636407,0,0.0197928123170688
"32","bad",0.44339260656718,0.274934746409941,0.618647771728982
"33","ball",0.46214059878563,0.300142493214124,0.999999999999999
"34","balloon",0.475686836788945,0,0.141266942567521
"35","banana",0.622115676707106,0,0.530654511965296
"36","basement",0.369669785032646,0,0.0197928123170688
"37","basket",0.337626685393144,0,0.530654511965296
"38","bat",0.486304408161876,0.416228167899154,0.618647771728982
"39","bath",0.62084290948503,0.24693215778668,0.999999999999999
"40","bathroom",0.725026407510304,0,0.0197928123170687
"41","bathtub",0.730673536683338,0,0.141266942567521
"42","be",0.243479584973508,0.73678919427313,0.152718032672668
"43","beach",0.402107279444168,0.37544400013162,0.978202614282987
"44","beads",0.619025801988143,0.0769578983211964,0.978202614282987
"45","beans",0.509332926682758,0.0610709905191856,0.978202614282987
"46","bear",0.324899608741927,0.432233281467291,0.999999999999999
"47","because",0.385062191539484,0,0.141266942567521
"48","bed",0.796863654767539,0.300889654098852,0.618647771728983
"49","bedroom",0.453099352937638,0,0.141266942567521
"50","bee",0.387842597700453,0.73678919427313,0.618647771728982
"51","before",0.257534170963146,0,0.530654511965296
"52","behind",0.242921515192748,0,0.530654511965296
"53","belt",0.287058940062406,0.0621058166376627,1
"54","bench",0.195651974029056,0.0408609947844956,0.978202614282987
"55","beside",0.513967319979955,0,0.530654511965297
"56","better",0.32492649855096,0,0.530654511965297
"57","bib",0.475976344979491,0.619012980638749,0.618647771728982
"58","bicycle",0.598375763164126,0,0.141266942567521
"59","big",0.486027650061384,0.646059972808412,0.618647771728982
"60","bird",0.406066557144804,0.119310572014045,1
"61","bite",0.665719214277293,0.284899442803235,0.999999999999999
"62","black",0.308840895726897,0.0562901959244044,0.978202614282987
"63","blanket",0.638187886567315,0,0.141266942567521
"64","block",0.100094774710162,0.047009305615763,0.978202614282988
"65","blow",0.160555966882234,0.0173952975470404,0.999999999999999
"66","blue",0.45128241164638,0.264667613829583,1
"67","boat",0.2649599956742,0.0636608240013845,0.999999999999999
"68","book",0.0955576994275681,0.312604396953254,0.999999999999999
"69","boots",0.417190890002004,0.0419876519361557,0.978202614282987
"70","bottle",0.746127490013173,0,0.530654511965297
"71","bowl",0.452152045737604,0.0353618977696519,1
"72","box",0.406289513222548,0.0370563704474794,0.618647771728983
"73","boy",0.601299828640196,0.366740770214419,0.618647771728982
"74","bread",0.55305103650152,0.0382154304924714,0.978202614282986
"75","break.",0.338651978969066,0.0168997498536159,0.978202614282987
"76","breakfast",0.506244517775281,0,0.00136204734891342
"77","bring",0.280018985080231,0.0820298201848946,0.978202614282987
"78","broken",0.147672801565188,0,0.530654511965297
"79","broom",0.843768907942009,0.0143252676313638,0.978202614282987
"80","brother",0.292829965262218,0,0.141266942567521
"81","brown",0.899595925387869,0.000777203397052867,0.978202614282987
"82","brush",0.50211943365494,0.0385505933978074,0.978202614282987
"83","bubbles",0.39331268493379,0,0.141266942567521
"84","bucket",0.803803199414337,0,0.530654511965296
"85","bug",0.343215837894974,0.431530038027183,0.618647771728982
"86","build",0.163850847429758,0.0649087029123578,0.978202614282987
"87","bump",0.399092872365466,0.0665726158120131,0.999999999999999
"88","bunny",0.929720738956468,0.000997112594534251,0.978202614282987
"89","bus",0.253225334760543,0.466235054804307,0.618647771728982
"90","but",0.4633971413926,0.588296735048895,0.618647771728983
"91","butter",0.510599201203001,0,0.530654511965297
"92","butterfly",0.322885599544362,0,0.00136204734891339
"93","buttocks",0.487434907139904,0,0.0197928123170688
"94","button",0.41091631719591,0,0.530654511965297
"95","buy",0.254986405084798,0.346414992001431,0.618647771728982
"96","by",0.0514066438052989,0.346414992001431,0.152718032672668
"97","bye",0.170571148808714,0.346414992001431,0.618647771728982
"98","cake",0.756866984221884,0.11556962703853,0.999999999999999
"99","call",0.175672290522514,0.224900051151722,0.999999999999999
"100","camera",0.354616752264853,0,0.530654511965297
"101","camping",0.295831696925201,0,0.141266942567521
"102","can",0.28218690899677,0.387507792126458,0.618647771728982
"103","candy",0.766265153914616,2.89846102627094e-05,0.978202614282987
"104","car",0.506029044780857,0.341601654892072,0.618647771728982
"105","careful",0.293089044768754,0,0.141266942567521
"106","carrots",0.586036480662112,0,0.141266942567521
"107","carry",0.223816592760402,0.00108529626275215,0.978202614282987
"108","cat",0.791683338517527,0.341986858049252,0.618647771728983
"109","catch",0.458256621768545,0.212777538235584,0.978202614282987
"110","cereal",0.563394893912592,0,0.530654511965296
"111","chair",0.224830325141339,0.303364246107638,0.978202614282987
"112","chalk",0.408737426413046,0.228040928262256,0.978202614282987
"113","chase",0.22091273241084,0.0892996505990194,0.978202614282987
"114","cheek",0.404910387106208,0.323689766725318,0.978202614282987
"115","cheerios",1,0,0.0197928123170687
"116","cheese",0.56278674252064,0.274087555084636,0.530654511965296
"117","chicken",0.623327092911478,0,0.141266942567521
"118","child",0.568906331059397,0.00837436055420067,0.978202614282987
"119","chin",0.635229650892586,0.581586799275718,0.999999999999999
"120","chocolate",0.710743692664561,0,0.00136204734891337
"121","church",0.210899181759999,0.0844298272930526,0.530654511965297
"122","circus",0.24729083169102,0,0.530654511965297
"123","clap",0.56486758880767,0.0274510117819261,0.999999999999999
"124","clean",0.355791523799468,0.0175820198898048,0.978202614282987
"125","climb",0.214716315781021,0.0152453251414908,0.978202614282987
"126","clock",0.174514074819991,0.0550360559946068,0.978202614282987
"127","close",0.230102043134742,0.00482512410508057,0.978202614282987
"128","closet",0.581828707107202,0,0.530654511965296
"129","cloud",0.0844690248294023,0.0100735010742638,0.978202614282987
"130","clown",0.593213478325821,0.00721623900748089,0.978202614282987
"131","coat",0.813782314682542,0.0609556191000863,0.999999999999999
"132","coffee",0.535513178416118,0.000104767404353507,0.530654511965297
"133","coke",0.465387349099404,0.0503059981193218,0.999999999999999
"134","cold",0.57125948373124,0.0072828026432964,1
"135","comb",0.439989212329999,0.0265651862324058,0.999999999999999
"136","cook",0.6613195137583,0.224840599468195,0.999999999999999
"137","cookie",0.660008273076812,0.00430039143109151,0.530654511965297
"138","corn",0.412371701718426,0.055648870574806,0.999999999999999
"139","couch",0.819229137430175,0.0409134961771591,0.978202614282987
"140","could",0.267697216597521,0.185854404349581,0.978202614282987
"141","country",0.0930515298432835,0,0.141266942567521
"142","cover",0.239365371544968,0,0.978202614282987
"143","cow",0.503844547594462,0.200872263850852,0.618647771728982
"144","cowboy",0.349153070589086,0,0.530654511965296
"145","cracker",0.491232228785327,0,0.141266942567521
"146","crayon",0.81846135242223,0.00208948782166396,0.530654511965297
"147","crib",0.59219879241227,0.0503274116663758,1
"148","cry",0.47387403215725,0.0999015612378091,0.618647771728982
"149","cup",0.608429680621534,0.349700966613274,0.618647771728982
"150","cut",0.22322689187364,0.501521826840679,0.618647771728982
"151","cute",0.833023549260469,0.0281869331674304,0.999999999999999
"152","daddy",0.83139159877115,6.81646709180645e-06,0.978202614282987
"153","dance",0.32935112117928,0.0117460246897529,0.978202614282987
"154","dark",0.342334219711799,0.082195754912987,0.999999999999999
"155","day",0.332075438643624,0.229011791212751,0.618647771728982
"156","deer",0.311765383795783,0.672502458097287,0.999999999999999
"157","diaper",0.76471639911386,0,0.530654511965297
"158","dinner",0.491550496294442,0,0.530654511965297
"159","dirty",0.622063065492312,0.000308702049886104,0.978202614282987
"160","dish",0.569567115392096,0.51600371267826,0.999999999999999
"161","do",0.586762113732618,0.632897087110517,0.152718032672668
"162","doctor",0.308101096423205,0,0.530654511965297
"163","does",0.26772494793268,0.536859108368513,0.999999999999999
"164","dog",0.869245913301391,0.232466587868893,0.618647771728982
"165","doll",0.769015662913909,0.187108620811807,0.999999999999999
"166","don.t",0.356527239710797,0.00309330782288652,0.978202614282988
"167","donkey",0.679841649736133,6.36851464881191e-07,0.530654511965297
"168","donut",0.797866246699042,0,0.978202614282987
"169","door",0.516958583313789,0.36427875083371,1
"170","down",0.333807090353178,0.0337207476030746,0.999999999999999
"171","downtown",0.171952641861925,0,0.0197928123170687
"172","draw",0.193455766147501,0.133434432601115,0.999999999999999
"173","drawer",0.501117637466428,0.0443410796567085,0.530654511965296
"174","dress",0.611888830156096,0.0172559615359462,0.978202614282987
"175","drink",0.638610367220173,0.00425703135375887,0.978202614282987
"176","drive",0.2339223840675,0.0118355091009905,0.978202614282987
"177","drop",0.233894604628454,0.0282300507860268,0.999999999999999
"178","dry",0.444380541022875,0.103403356158406,0.618647771728983
"179","dryer",0.610631373133313,0.00218706322591071,0.978202614282987
"180","duck",0.715064900491748,0.4292319541542,0.999999999999999
"181","dump",0.321806816309485,0.0451927328182917,0.999999999999999
"182","each",0.219364004387695,0.632763387170951,0.999999999999999
"183","ear",0.552168394282588,0.99419814430413,0.618647771728982
"184","eat",0.894150584557598,0.763494643954578,0.618647771728982
"185","egg",0.642594311949645,0.659599119207577,0.618647771728983
"186","elephant",0.362841280136409,0,0.0197928123170688
"187","empty",0.399997697114794,0.000552040230549761,0.978202614282987
"188","every",0.322518473797901,0.000302280740145021,0.978202614282987
"189","eye",0.256959269348081,0.996115618787182,0.618647771728982
"190","face",0.345682847687935,0.106355056063357,0.999999999999999
"191","fall",0.219016719177563,0.191752277549246,1
"192","farm",0.248868234251513,0.0440033890378319,0.999999999999999
"193","fast",0.237514182748514,0.0613685144130049,0.999999999999999
"194","feed",0.333702839005697,0.300350234296015,0.999999999999999
"195","find",0.354029100190063,0.0159031207345523,0.999999999999999
"196","fine",0.231613918212767,0.19607425664308,0.999999999999999
"197","finger",0.372623226137449,0,0.530654511965297
"198","finish",0.288738281571346,0,0.530654511965297
"199","fireman",0.479885150451743,0,0.141266942567521
"200","firetruck",0.460516913367616,0,0.00136204734891341
"201","first",0.15964246373774,0.0192111860493999,0.978202614282987
"202","fish",0.445756222773164,0.513097885471785,0.999999999999999
"203","fit",0.306684700786433,0.682777351678223,0.618647771728982
"204","fix",0.294094920070143,0.105361550953088,0.618647771728982
"205","flag",0.290132929170766,0.00829159653661864,0.999999999999999
"206","flower",0.699249081386283,1.17888706933555e-06,0.530654511965296
"207","food",0.478127213350076,0.217404633822083,0.999999999999999
"208","foot",0.308779582780771,0.29776623461844,0.999999999999999
"209","for.",0.267581671598181,0.489272524216902,0.618647771728982
"210","fork",0.552964184201979,0.0588205629065134,0.999999999999999
"211","friend",0.471616750849879,0.00776641572840955,0.530654511965296
"212","frog",0.717851686003463,0.00387434595320352,0.999999999999999
"213","full",0.174570055544229,0.148075266943191,0.999999999999999
"214","game",0.279321826739214,0.0966503096287672,0.999999999999999
"215","garage",0.491075099661358,0.00132156197635291,0.530654511965297
"216","garbage",0.425633892513386,0,0.141266942567521
"217","garden",0.611750228866749,0,0.530654511965297
"218","gentle",0.498777667577387,0,0.530654511965296
"219","get",0.587680886779085,0.667435299340015,0.618647771728982
"220","giraffe",0.57243625797681,0,0.141266942567521
"221","girl",0.609674148169512,0.0696346135404742,0.999999999999999
"222","give",0.359216717627337,0.510123627187134,0.999999999999999
"223","glass",0.564482782817002,0.0124793953324265,0.978202614282987
"224","glasses",0.56433295056608,0,0.141266942567521
"225","gloves",0.527192168282568,0.00566089057343048,0.530654511965296
"226","glue",0.540403300813894,0.135579885358606,0.999999999999999
"227","go",0.511869947317564,0.0640505934296677,0.152718032672668
"228","good",0.448336774404907,0.142173023718888,0.999999999999999
"229","goose",0.403344248465301,0.215396471537934,0.978202614282986
"230","grandma",0.967315128931715,0,0.141266942567521
"231","grandpa",0.897348726326932,0,0.141266942567521
"232","grapes",0.42207969490772,0,0.530654511965297
"233","grass",0.556701910040374,0.00500913854546332,0.978202614282987
"234","green",0.262840053290086,0.0116091994761286,0.978202614282987
"235","gum",0.580261322617731,0.338431676650877,0.618647771728982
"236","hair",0.652766273921386,0.380650093004372,0.999999999999999
"237","hamburger",0.699409741114497,0,0.00136204734891341
"238","hammer",0.311631273676374,0,0.530654511965297
"239","hand",0.514119576707922,0.0578835505387853,0.999999999999999
"240","happy",0.438051749607642,0.000330182844720842,0.978202614282987
"241","hard",0.369954026149661,0.0959660195550828,0.999999999999999
"242","hat",0.712838483329451,0.393583056409649,0.618647771728982
"243","hate",0.462036086652408,0.188523781281689,0.999999999999999
"244","have",0.324000347493156,0.250302421679744,0.999999999999999
"245","he",0.535343041840186,0.701962826308772,0.152718032672668
"246","head",0.175087329572773,0.279258052773339,0.999999999999999
"247","hear",0.333053749741144,0.502968275244244,0.999999999999999
"248","heavy",0.188919768888564,0.000994624561473938,0.978202614282987
"249","helicopter",0.154229060356308,0,4.44686327698999e-05
"250","hello",0.515642610946885,0,0.978202614282987
"251","help",0.258001259448086,0.0198792836088726,0.999999999999999
"252","hen",0.52312066762193,0.325448249977812,0.618647771728982
"253","her",0.407392056612241,0.546089101243425,0.618647771728982
"254","here",0.447397562667823,0.502968275244244,0.999999999999999
"255","hers",0.707640922385459,0.11293481095901,0.999999999999999
"256","hi",0.321121937722886,0.336481597997103,0.152718032672668
"257","hide",0.375938144043076,0.190333172063481,1
"258","high",0.105384294635841,0.336481597997103,0.999999999999999
"259","him",0.659118917258408,0.883947637977397,0.618647771728982
"260","his",0.172110939585665,0.623180130583123,0.618647771728982
"261","hit",0.24273320108536,0.758702709901319,0.618647771728982
"262","hold",0.262137669464878,0.00225060999611411,0.999999999999999
"263","home",0.466316928481194,0.0198484905960705,1
"264","horse",0.432223521424977,0.0771617933648355,0.978202614282987
"265","hose",0.591493904078116,0.0336485328106283,0.999999999999999
"266","hot",0.51556102526007,0.395174171369835,0.618647771728982
"267","house",0.510913377085102,0.0564519810490392,0.978202614282987
"268","how",0.293599319611118,0.245259021142782,0.618647771728983
"269","hug",0.781861262294636,0.43211977271598,0.618647771728982
"270","hungry",0.526853483933653,0.000302280740145022,0.530654511965296
"271","hurry",0.579188549522927,0.0159275182680544,0.978202614282987
"272","hurt",0.313669612410178,0.173294341829947,0.999999999999999
"273","ice",0.488576199004078,0.618912942953944,0.618647771728982
"274","if.",0.51504531342621,0.852456060855238,0.152718032672668
"275","inside",0.505544643469978,0,0.530654511965297
"276","into",0.208916561362442,0,0.999999999999999
"277","is",0.13379362789704,0.87473003446542,0.152718032672668
"278","it",0.695765726008465,1,0.152718032672668
"279","jacket",0.568752479095776,0,0.530654511965297
"280","jar",0.908586010810565,0.265573557085385,0.618647771728983
"281","jeans",0.478548722349498,0.025871827075931,0.978202614282987
"282","jello",0.836266280660004,1.31305134277601e-05,0.978202614282987
"283","jelly",0.766735251903401,0.000691353747892906,0.978202614282987
"284","juice",0.552309716468833,0.185415567114922,0.978202614282986
"285","jump",0.224073964040213,0.0366724822981407,0.999999999999999
"286","keys",0.3539295098836,0.331161178030769,1
"287","kick",0.175614315958874,0.614153801102334,0.999999999999999
"288","kiss",0.758153718260377,0.574040354491002,0.999999999999999
"289","kitchen",0.702481966191675,0,0.141266942567521
"290","kitty",0.477842927369283,0.00011750944987147,0.978202614282986
"291","knee",0.241528545863503,0.64359003645292,0.999999999999999
"292","knife",0.66862493317776,0.16585331085684,0.978202614282986
"293","knock",0.393041582297424,0.210489604018529,0.978202614282987
"294","ladder",0.239669011002392,0,0.530654511965297
"295","lady",0.433557708347538,0,0.999999999999999
"296","lamb",0.532393307144369,0.158472858714613,0.999999999999999
"297","lamp",0.485118263876629,0.0224636877651358,0.999999999999999
"298","last",0.183564682259671,0.0510624688548131,0.999999999999999
"299","later",0.185568013393228,0,0.978202614282987
"300","leg",0.434515893431559,0.178325906543865,0.618647771728982
"301","lick",0.939461030909713,0.57727208924347,0.999999999999999
"302","light",0.212608139318963,0.245881301778011,0.978202614282987
"303","like",0.653232288002523,0.21027890498454,0.999999999999999
"304","lion",0.228013217869022,0.0158940489651945,0.999999999999999
"305","lips",0.610787203120898,0.0566487379872631,1
"306","listen",0.374405836132646,0,0.530654511965297
"307","little",0.719165828889689,0,0.530654511965297
"308","lollipop",0.852280195941179,0,0.0197928123170688
"309","long",0.227037394909571,0.157389497925342,0.999999999999999
"310","look",0.389477461008197,0.177307489079507,1
"311","loud",0.361796840511019,0.0562222136651343,0.999999999999999
"312","love",0.606024242044272,0.298278805254064,0.999999999999999
"313","lunch",0.577813913368894,0.0688631243766961,0.978202614282987
"314","mad",0.767438152229381,0.18299070234798,0.618647771728982
"315","mailman",0.54103507320596,0,0.141266942567521
"316","make",0.357162341702494,0.106695284262085,0.999999999999999
"317","man",0.427240796076574,0.244433491670974,0.618647771728982
"318","me",0.78060076372045,0.641893565707497,0.152718032672668
"319","meat",0.500698016925329,0.442880536627641,0.999999999999999
"320","medicine",0.120798998037278,0,0.0197928123170687
"321","melon",0.727917873836623,0,0.978202614282987
"322","milk",0.493510184426959,0.0632937716528102,0.999999999999999
"323","mine",0.0604481328437289,0.185241173067389,0.999999999999999
"324","mittens",0.609045352948088,0,0.141266942567521
"325","mommy",0.844786336563056,2.90156028986479e-05,0.978202614282987
"326","money",0.302237899342242,0.000998992953410507,0.978202614282987
"327","monkey",0.843432842453774,3.35564327920154e-05,0.530654511965297
"328","moon",0.216560679781608,0.271598166721488,0.999999999999999
"329","moose",0.363421901781861,0.230949934725363,0.978202614282987
"330","mop",0.327107377893604,0.165548093984235,0.618647771728982
"331","more",0.202161498675731,0.36470049082483,0.999999999999999
"332","morning",0.223693623075963,0,0.141266942567521
"333","motorcycle",0.201001844271339,0,4.44686327699083e-05
"334","mouse",0.422371139553266,0.0505972796976688,0.978202614282987
"335","mouth",0.625597808310442,0.0347685451854983,0.978202614282987
"336","movie",0.276130809985067,3.83865851286777e-05,0.978202614282987
"337","much",0.30328659600115,0.353903265153711,0.999999999999999
"338","muffin",0.85821228763741,6.69415508332156e-19,0.530654511965297
"339","my",0.548707009388429,0.263418458654741,0.152718032672668
"340","myself",0.54263065820503,0,0.530654511965296
"341","nail",0.308760702804662,0.0663670764181414,0.999999999999999
"342","nap",0.725585789704342,0.184948979714188,0.618647771728982
"343","napkin",0.782556667038419,0,0.530654511965297
"344","naughty",0.699765312605052,1.71173359194295e-05,0.141266942567521
"345","necklace",0.589988381332223,0,0.0197928123170688
"346","new",0.150780995831234,0.617012739675894,0.618647771728982
"347","nice",0.700194366823667,0.308246271732945,0.999999999999999
"348","night",0.309710939524402,0.242371802012126,0.978202614282987
"349","no",0.240720013135628,0.0762155403180377,0.152718032672668
"350","noisy",0.229529636837411,3.24861719443342e-07,0.978202614282987
"351","none",0.211177831510215,0.375777257503865,0.999999999999999
"352","noodles",0.674188357615407,0,0.141266942567521
"353","nose",0.616152973633136,0.0177352796513393,0.999999999999999
"354","not",0.506075950257037,0.322225020320363,0.618647771728982
"355","now",0.334725820162258,0.172185268329176,0.618647771728982
"356","nurse",0.277264149307813,0.0878811507740838,0.978202614282987
"357","nuts",0.569352348036072,0.0727991490163502,0.999999999999999
"358","of",3.31281086991333e-19,0.713426230766015,0.152718032672668
"359","off",0.392865023843109,0.607145558597744,0.618647771728982
"360","old",0.242200681615447,0.0224454935140664,0.618647771728982
"361","on",0.234245249755186,0.690977600368023,0.152718032672668
"362","open",0.132661876081121,0,0.999999999999999
"363","orange",0.527462974747793,0,0.530654511965297
"364","other",0.234877322481038,0,0.978202614282987
"365","our",0.20870974671665,0.740338843767626,0.618647771728983
"366","out",0.514253123532625,0.354778081239901,0.618647771728982
"367","outside",0.299044707085869,0,0.141266942567521
"368","oven",0.645585661782411,0,1
"369","over",0.151261918171966,0,0.999999999999999
"370","owl",0.502226084585138,0.172334466542431,0.618647771728982
"371","paint",0.359218015255409,0.0105763830162762,0.978202614282987
"372","pajamas",0.715604979299771,0,0.141266942567521
"373","pancake",0.655033961643837,0,0.141266942567521
"374","pants",0.76034960810135,0.00592646429830717,0.978202614282987
"375","paper",0.23797741367048,0,0.978202614282987
"376","park",0.276516388674253,0.076286535689484,0.999999999999999
"377","party",0.0621932940025796,8.36567192143934e-06,0.978202614282987
"378","pattycake",0.606822315154153,0,0.00136204734891344
"379","peas",0.538253591414994,0.308769224629201,0.999999999999999
"380","peekaboo",0.494794598653233,0,0.0197928123170688
"381","pen",0.441547032470451,0.256110314197612,0.618647771728982
"382","pencil",0.711417407872818,0,0.530654511965297
"383","penguin",0.594097716913996,0,0.141266942567521
"384","penis",0.72090081567543,0,0.978202614282987
"385","penny",0.249064671184494,0.00550945425182958,0.978202614282987
"386","people",0.294600221770556,0,0.530654511965297
"387","person",0.358030731026251,0,0.530654511965297
"388","pick",0.346563897205423,0.596965094260237,0.999999999999999
"389","pickle",0.682709580457855,0,0.530654511965297
"390","picnic",0.629976293327169,0,0.530654511965297
"391","picture",0.293099065773399,0,0.141266942567521
"392","pig",0.666863198733834,0.545774536222994,0.618647771728982
"393","pillow",0.928674025969832,2.54018622772343e-07,0.530654511965296
"394","pizza",0.649973376668908,0,0.978202614282987
"395","plant",0.127009879684282,0.00711414373388768,0.978202614282987
"396","plate",0.421862771538749,0.0138750414443514,0.978202614282987
"397","play",0.393064871879587,0.0160423994618208,0.999999999999999
"398","playground",0.423077327492004,0,4.4468632769883e-05
"399","please",0.22939143621426,0.0243913243454375,0.530654511965297
"400","police",0.161827183719341,0,0.530654511965296
"401","pony",0.575001074885576,0,0.999999999999999
"402","pool",0.262382411221914,0.223145641430055,0.999999999999999
"403","poor",0.155831046855455,0.376534366958537,0.999999999999999
"404","popcorn",0.820802167384363,0,0.141266942567521
"405","popsicle",0.911169832665215,0,0.0197928123170688
"406","porch",0.709606583910848,0.0415730833250763,0.978202614282987
"407","potato",0.511680222140678,0,0.530654511965297
"408","potty",0.869377693533592,0.000127290080092726,0.978202614282986
"409","pour",0.348234911778525,0.363098901195576,0.999999999999999
"410","present",0.102860025439359,0,0.141266942567521
"411","pretend",0.761106411669474,0,0.141266942567521
"412","pretty",0.428091091059968,4.80470110389906e-06,0.530654511965297
"413","pretzel",0.674598161638404,0,0.141266942567521
"414","pudding",0.677808749963989,0,0.141266942567521
"415","pull",0.361230729106117,0.154363376698499,0.999999999999999
"416","pumpkin",0.784754065116595,0,0.141266942567521
"417","puppy",0.805010606058188,0.000468752805601224,0.978202614282987
"418","purse",0.446275441290266,0.0911120254067046,0.978202614282986
"419","push",0.259159765158327,0.144622554923269,0.999999999999999
"420","put",0.3864153008419,0.314475731341347,0.618647771728983
"421","puzzle",0.242720789927508,1.52848226801155e-18,0.530654511965297
"422","quiet",0.307275121414563,0.00590165478508776,0.978202614282986
"423","radio",0.0339924090061812,0,0.978202614282987
"424","rain",0.194516030942082,0.102057155353855,0.999999999999999
"425","raisin",0.594610706423601,0,0.530654511965297
"426","read",0.274152684976481,0.177551392489594,0.999999999999999
"427","red",0.435178244587956,0.177551392489594,0.618647771728983
"428","refrigerator",0.746348276000819,0,1.3167075516562e-19
"429","ride",0.438998932614765,0.170109649379847,0.999999999999999
"430","rip",0.411911661216882,0.547100793962606,0.618647771728982
"431","rock",0.197383183066839,0.195852127330164,0.999999999999999
"432","roof",0.389931497052848,0.119550331883998,0.999999999999999
"433","room",0.39224864527206,0.204095686348098,0.999999999999999
"434","rooster",0.717562726946888,0,0.141266942567521
"435","run",0.28180662391066,0.355773909435904,0.618647771728982
"436","sad",0.370951850142072,0.216429759612842,0.618647771728982
"437","salt",0.424651656773481,0.0519085570659156,1
"438","same",0.22125318825838,0.118619753732318,0.999999999999999
"439","sandbox",0.402497017253158,0,0.141266942567521
"440","sandwich",0.686153537944579,0,0.0197928123170688
"441","sauce",0.586663267718442,0.263767143867925,0.978202614282987
"442","say",0.41488174577658,0.252000769634932,0.618647771728983
"443","scared",0.593888228262261,0.000714168592770995,0.530654511965297
"444","scarf",0.72182563353132,0.00744861917719906,0.978202614282987
"445","school",0.158235949300747,0.0175632327372503,0.530654511965297
"446","scissors",0.578175438832941,0,0.0197928123170688
"447","see",0.440308348591851,0.678881436336297,0.618647771728982
"448","shake",0.367971220020242,0.0971601289829746,0.978202614282986
"449","share",0.084554728456272,0.305931957543794,0.978202614282987
"450","she",0.652044024784022,0.610006103842092,0.618647771728982
"451","sheep",0.356432055977023,0.267616049206993,0.978202614282987
"452","shh",0.703228195824666,0,0.618647771728982
"453","shirt",0.539264305732393,0.109330830464242,0.978202614282987
"454","shoe",0.582563692520602,0.583208947576793,0.999999999999999
"455","shopping",0.219009422560982,0,0.0197928123170688
"456","shorts",0.3330754192707,0.00353935418022451,0.530654511965297
"457","shoulder",0.303414347443523,0,0.0197928123170688
"458","shovel",0.745727966121919,0,0.530654511965297
"459","show",0.179987987941274,0.0595363122340339,0.999999999999999
"460","shower",0.809905126181289,6.21169093467197e-05,0.530654511965297
"461","sick",0.590024082604702,0.612141932535788,0.999999999999999
"462","sidewalk",0.49121611608571,0,0.0197928123170688
"463","sing",0.482997822533541,0.545020647721343,0.999999999999999
"464","sink",0.534236878640255,0.0835088956661667,1
"465","sister",0.290686043565098,0,0.530654511965297
"466","sit",0.544694282371387,0.71628254979184,0.618647771728983
"467","skate",0.309618299370254,0.0338766072029263,0.978202614282987
"468","sky",0.217913244261,0.0969133088297813,0.618647771728982
"469","sled",0.572096457145109,0.0270489309192515,0.999999999999999
"470","sleep",0.529650129577746,0.0263950856473415,0.978202614282987
"471","sleepy",0.317537921753745,0.000510630703144072,0.530654511965297
"472","slide",0.21927128386009,0.0196352380774501,0.978202614282987
"473","slipper",0.663271701103705,7.3159773162566e-19,0.141266942567521
"474","slow",0.223797180020649,0.0102730566175957,1
"475","smile",0.719233538214332,0.0124968661082141,0.978202614282986
"476","snack",0.703574000662048,0.0410970689024935,0.978202614282987
"477","sneaker",0.350475007465883,0,0.141266942567521
"478","snow",0.336410217007134,0.0134905047955864,0.999999999999999
"479","snowman",0.780031943789351,0,0.141266942567521
"480","snowsuit",0.823367539226931,0,0.0197928123170688
"481","so",0.575727970766124,0.111775416465221,0.152718032672668
"482","soap",0.514339952879744,0.0211802426357115,0.999999999999999
"483","sock",0.849765922129518,0.24418727555561,0.999999999999999
"484","soda",0.638432970834321,0,0.999999999999999
"485","sofa",0.767902814121515,0,0.999999999999999
"486","soft",0.328865971240086,0.0367765838530071,0.999999999999999
"487","some",0.39385925596631,0.381542072748881,0.999999999999999
"488","soup",0.676791318171167,0.251341156792216,0.999999999999999
"489","spaghetti",0.618705407777776,0,0.00136204734891344
"490","spill",0.105621884042481,0.093266003802894,0.978202614282987
"491","splash",0.335277751018251,0,0.530654511965297
"492","spoon",0.939895492130045,0.03586067840149,0.978202614282987
"493","sprinkler",0.46454757507282,0,0.00136204734891337
"494","squirrel",0.731107087492568,0,0.0197928123170688
"495","stairs",0.499735251171594,0.00204751441857495,0.530654511965297
"496","stand",0.308957473261062,0.00520606092102718,0.978202614282987
"497","star",0.106065823386608,0.0501604486048094,1
"498","stay",0.375673019284811,0.0541351835783857,0.999999999999999
"499","stick",0.776820496973526,0.147700141863655,0.978202614282987
"500","sticky",0.61053138226225,0.00282468221122243,0.530654511965297
"501","stone",0.401154627739469,0.00498215422584919,0.978202614282987
"502","stop",0.361080199131293,0.0214021956494197,0.999999999999999
"503","store",0.27198788350447,0.0570112616391318,0.978202614282987
"504","story",0.133156159349367,0.00113559771773348,0.978202614282987
"505","stove",0.694507105790059,0.00498215422584919,0.978202614282987
"506","strawberry",0.555688864478847,0,4.44686327699167e-05
"507","street",0.298538645657094,0.00442839008471734,0.530654511965297
"508","stroller",0.672227819487164,0,0.0197928123170688
"509","stuck",0.516088894235757,0.0674487051179859,0.978202614282987
"510","sun",0.355061819898472,0.399981317872008,0.618647771728982
"511","sweater",0.734210018348036,0,0.141266942567521
"512","sweep",0.110178853631125,0.0425985959150613,0.978202614282987
"513","swim",0.377469629152241,0.137793798544788,0.999999999999999
"514","swing",0.280531259374184,0.111590069839502,0.978202614282987
"515","table",0.404097821832342,3.49702147239561e-19,0.978202614282987
"516","take",0.353195499712909,0.145739285671724,0.999999999999999
"517","talk",0.408225339857355,0.28037889762834,0.999999999999999
"518","tape",0.227996793843099,0.102261775134955,0.999999999999999
"519","taste",0.461084063818526,0.0166344055759758,0.978202614282986
"520","teacher",0.179068984472241,0,0.141266942567521
"521","tear",0.275565549137549,0.694116511047238,0.999999999999999
"522","teddybear",0.980185313843584,0,0.00136204734891344
"523","telephone",0.0423933873012907,0,0.00136204734891341
"524","that",0.375027866672689,0.48613147857741,0.999999999999999
"525","the",0.360352796253299,0.735901832225141,0.618647771728982
"526","their",0.254459825544016,0.318652379547266,0.978202614282987
"527","them",0.63880747007601,0.20305381853443,0.999999999999999
"528","then",0.655254427275088,0.242021449107626,0.999999999999999
"529","there",0.373324606756752,0.318652379547266,0.978202614282987
"530","these",0.253244898829898,0.311169341724401,0.978202614282987
"531","they",0.447877016318071,0.217270483347385,0.999999999999999
"532","think",0.478089680712227,0.0587691398930577,0.978202614282987
"533","thirsty",0.498816121451808,5.85870834070787e-06,0.141266942567521
"534","this",0.292139026044267,0.562199127947345,0.999999999999999
"535","those",0.25505668265171,0.0200726030390519,0.978202614282987
"536","throw",0.414177070259085,0.0086077225669164,0.978202614282987
"537","tickle",0.622416603434653,0,0.530654511965297
"538","tiger",0.295949279132306,0,0.978202614282987
"539","tights",0.577108395207081,0.0410194583227466,0.530654511965297
"540","time",0.341458344569651,0.210306889343092,0.999999999999999
"541","tiny",0.463405186485322,0,0.999999999999999
"542","tired",0.573753925972977,0,0.978202614282987
"543","tissue",0.374584248314524,0,0.530654511965297
"544","to",3.31281086991333e-19,0.957100988749443,0.152718032672668
"545","toast",0.518381131826894,0.00465273989475043,0.978202614282987
"546","today",0.130762938501616,1.22152680867354e-06,0.978202614282987
"547","toe",0.43052448975773,0.100814035300409,0.618647771728982
"548","tomorrow",0.281392632517812,0,0.0197928123170688
"549","tongue",0.574530053297709,0.33737693244976,0.530654511965297
"550","tonight",0.347999650925473,0,0.141266942567521
"551","too",0.488104332035788,0.614212897548373,0.618647771728982
"552","tooth",0.530443801575915,0.200172479355679,0.978202614282987
"553","toothbrush",0.771879085182278,0,4.44686327699083e-05
"554","touch",0.431631946793798,0.366421484521989,0.978202614282987
"555","towel",0.821876698001646,0.00327183218171513,0.978202614282987
"556","toy",0.60285617831207,0.285277083803176,0.618647771728982
"557","tractor",0.383704015701135,8.80204789783484e-19,0.141266942567521
"558","train",0.165480633761578,0.00804035014538287,0.978202614282987
"559","trash",0.465299709420598,0.00719621685173566,0.978202614282987
"560","tray",0.764566028523858,0.0546078004178998,0.999999999999999
"561","tree",0.62577966599558,0.233336943460466,0.999999999999999
"562","tricycle",0.490202617371812,0,0.0197928123170688
"563","truck",0.442572514701684,0.0476724287734508,0.978202614282987
"564","tummy",0.84635149073802,0.000364195716967061,0.978202614282987
"565","tuna",0.390927129720513,0,0.999999999999999
"566","turkey",0.62820492554939,0.000324121781511119,0.530654511965297
"567","turtle",0.541717641014382,0,0.530654511965297
"568","uncle",0.362467459606955,4.89481448944599e-19,0.978202614282987
"569","under",0.11146537935329,0,0.978202614282987
"570","underpants",0.675533929954865,0,4.44686327699083e-05
"571","up",0.371638427396404,0.728411324821762,0.152718032672668
"572","us",0.38749584795664,0,0.152718032672668
"573","vacuum",0.20059534048142,0,0.530654511965296
"574","vagina",0.588468041975118,0,0.530654511965297
"575","vanilla",0.461484486441549,0,0.141266942567521
"576","vitamins",0.261442331744148,0,0.0197928123170688
"577","wait",0.473400413329235,0.229077202239663,0.999999999999999
"578","wake",0.192261681775959,0.178567715615596,0.999999999999999
"579","walk",0.54365730352116,0.338151453921158,1
"580","walker",0.609221739951397,0,0.530654511965297
"581","was",0.157912433306082,0.256131487034426,0.618647771728982
"582","wash",0.6316498180902,0.21694616041491,0.999999999999999
"583","watch",0.47662353206512,0.278461230804621,0.978202614282987
"584","water",0.428636037215726,0,0.978202614282987
"585","we",0.34789609017995,0.728368753637376,0.152718032672668
"586","were",0.132477642101651,0.553042732630921,1
"587","wet",0.580910317257569,0.443850830510285,0.618647771728983
"588","what",0.427974363939353,0.566456033724819,1
"589","when",0.447609730960385,0.66221341854053,0.999999999999999
"590","where",0.357606879060676,0.389611317358019,0.978202614282987
"591","which",0.134705606425622,0.609106290403818,0.978202614282987
"592","white",0.448443103671258,0.310964947208147,0.978202614282987
"593","who",0.246184013880663,0.68891692275331,0.618647771728983
"594","why",0.349937928986349,0.344730247817743,0.618647771728982
"595","will",0.128306741575141,0.620606351161938,0.999999999999999
"596","wind",0.196176483974619,0.0800546109500026,0.999999999999999
"597","window",0.509150108299994,2.88552437987699e-05,0.530654511965297
"598","windy",0.31180798826382,0.00152041583103719,0.978202614282987
"599","wipe",0.259712144636663,0.222004929802462,0.999999999999999
"600","wish",0.330510338721459,0.575642911574784,0.999999999999999
"601","with",0.217112450645489,0.581276654028871,1
"602","wolf",0.256738545778932,0.0284054683044692,0.999999999999999
"603","woods",0.475791862761672,0.0176726281909215,0.978202614282987
"604","work",0.316457200186795,0.102779149650119,1
"605","would",0.269047763233945,0.241668730376259,0.978202614282986
"606","write",0.273488155835489,0.248024894556988,0.978202614282987
"607","yard",0.252973081097763,0.041277885494945,0.999999999999999
"608","yellow",0.386697848591127,2.54018622772856e-07,0.530654511965297
"609","yes",0.521600256990251,0.189754071119105,0.618647771728982
"610","yesterday",0.0495597380680891,0,0.00136204734891344
"611","yogurt",0.547632140266106,0,0.530654511965297
"612","you",0.635211564889384,0.58073747475808,0.618647771728982
"613","your",0.470505977812485,0.282447109565611,1
"614","yourself",0.45988756198886,0,0.0197928123170688
"615","yucky",0.840945689509473,0.000444375274918904,0.978202614282987
"616","zebra",0.400363390621908,0,0.978202614282987
"617","zipper",0.58825733515963,0,0.530654511965297
"618","zoo",0.270645779997824,0.571417723519104,0.618647771728982
